company_code,company_name,issue_name,report_year,avg_verifiability_score,record_count
000001,平安银行,公司治理/风险管理,2021,2.0,1
000001,平安银行,公司治理/风险管理,2022,2.0,1
000001,平安银行,公司治理/风险管理,2023,3.0,1
000001,平安银行,公司治理/风险管理,2024,2.0,1
000001,平安银行,公司治理/风险管理,2025,5.0,1
001227,宁波银行,公司治理/风险管理,2021,2.0,1
001227,宁波银行,公司治理/风险管理,2022,1.0,1
001227,宁波银行,公司治理/风险管理,2023,5.0,1
001227,宁波银行,公司治理/风险管理,2024,5.0,1
001227,宁波银行,公司治理/风险管理,2025,4.0,1
002142,宁波银行(宁银消金),公司治理/风险管理,2021,3.0,1
002142,宁波银行(宁银消金),公司治理/风险管理,2022,3.0,1
002142,宁波银行(宁银消金),公司治理/风险管理,2023,0.0,1
002142,宁波银行(宁银消金),公司治理/风险管理,2024,4.0,1
002142,宁波银行(宁银消金),公司治理/风险管理,2025,4.0,1
002807,江阴银行,公司治理/风险管理,2021,3.0,1
002807,江阴银行,公司治理/风险管理,2022,4.0,1
002807,江阴银行,公司治理/风险管理,2023,4.0,1
002807,江阴银行,公司治理/风险管理,2024,4.0,1
002807,江阴银行,公司治理/风险管理,2025,3.0,1
002839,张家港银行,公司治理/风险管理,2021,2.0,1
002839,张家港银行,公司治理/风险管理,2022,1.0,1
002839,张家港银行,公司治理/风险管理,2023,1.0,1
002839,张家港银行,公司治理/风险管理,2024,2.0,1
002839,张家港银行,公司治理/风险管理,2025,3.0,1
002936,郑州银行,公司治理/风险管理,2021,3.0,1
002936,郑州银行,公司治理/风险管理,2022,3.0,1
002936,郑州银行,公司治理/风险管理,2023,3.0,1
002936,郑州银行,公司治理/风险管理,2024,4.0,1
002936,郑州银行,公司治理/风险管理,2025,5.0,1
002948,青岛银行,公司治理/风险管理,2021,4.0,1
002948,青岛银行,公司治理/风险管理,2022,4.0,3
002948,青岛银行,公司治理/风险管理,2023,5.0,3
002948,青岛银行,公司治理/风险管理,2024,4.0,3
002948,青岛银行,公司治理/风险管理,2025,4.0,3
002948,青岛银行,员工权益,2021,4.0,1
002948,青岛银行,员工权益,2022,4.0,1
002948,青岛银行,员工权益,2023,5.0,1
002948,青岛银行,员工权益,2024,4.0,1
002948,青岛银行,员工权益,2025,4.0,1
002948,青岛银行,普惠金融,2021,4.0,1
002948,青岛银行,普惠金融,2022,4.0,1
002948,青岛银行,普惠金融,2023,5.0,1
002948,青岛银行,普惠金融,2024,4.0,1
002948,青岛银行,普惠金融,2025,4.0,1
002948,青岛银行,消费者权益保护,2021,4.0,1
002948,青岛银行,消费者权益保护,2022,4.0,1
002948,青岛银行,消费者权益保护,2023,5.0,1
002948,青岛银行,消费者权益保护,2024,4.0,1
002948,青岛银行,消费者权益保护,2025,4.0,1
002948,青岛银行,绿色信贷/绿色金融,2022,4.0,1
002948,青岛银行,绿色信贷/绿色金融,2023,5.0,1
002948,青岛银行,绿色信贷/绿色金融,2024,4.0,1
002948,青岛银行,绿色信贷/绿色金融,2025,4.0,1
002958,重庆银行,公司治理/风险管理,2021,2.0,3
002958,重庆银行,公司治理/风险管理,2022,2.0,3
002958,重庆银行,公司治理/风险管理,2023,4.0,3
002958,重庆银行,公司治理/风险管理,2024,4.0,3
002958,重庆银行,公司治理/风险管理,2025,4.0,3
002958,重庆银行,员工权益,2021,2.0,1
002958,重庆银行,员工权益,2022,2.0,1
002958,重庆银行,员工权益,2023,4.0,1
002958,重庆银行,员工权益,2024,4.0,1
002958,重庆银行,员工权益,2025,4.0,1
002958,重庆银行,普惠金融,2021,2.0,1
002958,重庆银行,普惠金融,2022,2.0,1
002958,重庆银行,普惠金融,2023,4.0,1
002958,重庆银行,普惠金融,2024,4.0,1
002958,重庆银行,普惠金融,2025,4.0,1
002958,重庆银行,消费者权益保护,2021,2.0,1
002958,重庆银行,消费者权益保护,2022,2.0,1
002958,重庆银行,消费者权益保护,2023,4.0,1
002958,重庆银行,消费者权益保护,2024,4.0,1
002958,重庆银行,消费者权益保护,2025,4.0,1
002958,重庆银行,绿色信贷/绿色金融,2021,2.0,1
002958,重庆银行,绿色信贷/绿色金融,2022,2.0,1
002958,重庆银行,绿色信贷/绿色金融,2023,4.0,1
002958,重庆银行,绿色信贷/绿色金融,2024,4.0,1
002958,重庆银行,绿色信贷/绿色金融,2025,4.0,1
002966,南京银行,公司治理/风险管理,2021,5.0,3
002966,南京银行,公司治理/风险管理,2022,4.0,3
002966,南京银行,公司治理/风险管理,2023,4.0,3
002966,南京银行,公司治理/风险管理,2024,4.0,3
002966,南京银行,公司治理/风险管理,2025,4.0,3
002966,南京银行,员工权益,2021,5.0,1
002966,南京银行,员工权益,2022,4.0,1
002966,南京银行,员工权益,2023,4.0,1
002966,南京银行,员工权益,2024,4.0,1
002966,南京银行,员工权益,2025,4.0,1
002966,南京银行,普惠金融,2021,5.0,1
002966,南京银行,普惠金融,2022,4.0,1
002966,南京银行,普惠金融,2023,4.0,1
002966,南京银行,普惠金融,2024,4.0,1
002966,南京银行,普惠金融,2025,4.0,1
002966,南京银行,消费者权益保护,2021,5.0,1
002966,南京银行,消费者权益保护,2022,4.0,1
002966,南京银行,消费者权益保护,2023,4.0,1
002966,南京银行,消费者权益保护,2024,4.0,1
002966,南京银行,消费者权益保护,2025,4.0,1
002966,南京银行,绿色信贷/绿色金融,2021,5.0,1
002966,南京银行,绿色信贷/绿色金融,2022,4.0,1
002966,南京银行,绿色信贷/绿色金融,2023,4.0,1
002966,南京银行,绿色信贷/绿色金融,2024,4.0,1
002966,南京银行,绿色信贷/绿色金融,2025,4.0,1
600000,浦发银行,公司治理/风险管理,2021,5.0,3
600000,浦发银行,公司治理/风险管理,2022,3.0,3
600000,浦发银行,公司治理/风险管理,2023,4.0,3
600000,浦发银行,公司治理/风险管理,2024,4.0,3
600000,浦发银行,公司治理/风险管理,2025,5.0,3
600000,浦发银行,员工权益,2021,5.0,1
600000,浦发银行,员工权益,2022,3.0,1
600000,浦发银行,员工权益,2023,4.0,1
600000,浦发银行,员工权益,2024,4.0,1
600000,浦发银行,员工权益,2025,5.0,1
600000,浦发银行,普惠金融,2021,5.0,1
600000,浦发银行,普惠金融,2022,3.0,1
600000,浦发银行,普惠金融,2023,4.0,1
600000,浦发银行,普惠金融,2024,4.0,1
600000,浦发银行,普惠金融,2025,5.0,1
600000,浦发银行,消费者权益保护,2021,5.0,1
600000,浦发银行,消费者权益保护,2022,3.0,1
600000,浦发银行,消费者权益保护,2023,4.0,1
600000,浦发银行,消费者权益保护,2024,4.0,1
600000,浦发银行,消费者权益保护,2025,5.0,1
600000,浦发银行,绿色信贷/绿色金融,2021,5.0,1
600000,浦发银行,绿色信贷/绿色金融,2022,3.0,1
600000,浦发银行,绿色信贷/绿色金融,2023,4.0,1
600000,浦发银行,绿色信贷/绿色金融,2024,4.0,1
600000,浦发银行,绿色信贷/绿色金融,2025,5.0,1
600015,华夏银行,公司治理/风险管理,2022,4.0,3
600015,华夏银行,公司治理/风险管理,2023,3.0,3
600015,华夏银行,公司治理/风险管理,2024,1.0,2
600015,华夏银行,公司治理/风险管理,2025,5.0,3
600015,华夏银行,员工权益,2022,4.0,1
600015,华夏银行,员工权益,2023,3.0,1
600015,华夏银行,员工权益,2024,1.0,1
600015,华夏银行,员工权益,2025,5.0,1
600015,华夏银行,普惠金融,2022,4.0,1
600015,华夏银行,普惠金融,2023,3.0,1
600015,华夏银行,普惠金融,2024,1.0,1
600015,华夏银行,普惠金融,2025,5.0,1
600015,华夏银行,消费者权益保护,2022,4.0,1
600015,华夏银行,消费者权益保护,2023,3.0,1
600015,华夏银行,消费者权益保护,2025,5.0,1
600015,华夏银行,绿色信贷/绿色金融,2021,0.0,2
600015,华夏银行,绿色信贷/绿色金融,2022,4.0,1
600015,华夏银行,绿色信贷/绿色金融,2023,3.0,1
600015,华夏银行,绿色信贷/绿色金融,2024,1.0,1
600015,华夏银行,绿色信贷/绿色金融,2025,5.0,1
600016,民生银行,公司治理/风险管理,2021,4.0,6
600016,民生银行,公司治理/风险管理,2022,3.0,6
600016,民生银行,公司治理/风险管理,2023,3.0,6
600016,民生银行,公司治理/风险管理,2024,3.5,6
600016,民生银行,公司治理/风险管理,2025,4.0,6
600016,民生银行,员工权益,2021,4.0,2
600016,民生银行,员工权益,2022,3.0,2
600016,民生银行,员工权益,2023,3.0,2
600016,民生银行,员工权益,2024,3.5,2
600016,民生银行,员工权益,2025,4.0,2
600016,民生银行,普惠金融,2021,4.0,2
600016,民生银行,普惠金融,2022,3.0,2
600016,民生银行,普惠金融,2023,3.0,2
600016,民生银行,普惠金融,2024,3.5,2
600016,民生银行,普惠金融,2025,4.0,2
600016,民生银行,消费者权益保护,2021,4.0,2
600016,民生银行,消费者权益保护,2022,3.0,2
600016,民生银行,消费者权益保护,2023,3.0,2
600016,民生银行,消费者权益保护,2024,3.5,2
600016,民生银行,消费者权益保护,2025,4.0,2
600016,民生银行,绿色信贷/绿色金融,2021,4.0,2
600016,民生银行,绿色信贷/绿色金融,2022,3.0,2
600016,民生银行,绿色信贷/绿色金融,2023,3.0,2
600016,民生银行,绿色信贷/绿色金融,2024,3.5,2
600016,民生银行,绿色信贷/绿色金融,2025,4.0,2
600036,招商银行,公司治理/风险管理,2021,5.0,3
600036,招商银行,公司治理/风险管理,2022,5.0,3
600036,招商银行,公司治理/风险管理,2023,5.0,3
600036,招商银行,公司治理/风险管理,2024,5.0,3
600036,招商银行,公司治理/风险管理,2025,4.0,3
600036,招商银行,员工权益,2021,5.0,1
600036,招商银行,员工权益,2022,5.0,1
600036,招商银行,员工权益,2023,5.0,1
600036,招商银行,员工权益,2024,5.0,1
600036,招商银行,员工权益,2025,4.0,1
600036,招商银行,普惠金融,2021,5.0,1
600036,招商银行,普惠金融,2022,5.0,1
600036,招商银行,普惠金融,2023,5.0,1
600036,招商银行,普惠金融,2024,5.0,1
600036,招商银行,普惠金融,2025,4.0,1
600036,招商银行,消费者权益保护,2021,5.0,1
600036,招商银行,消费者权益保护,2022,5.0,1
600036,招商银行,消费者权益保护,2023,5.0,1
600036,招商银行,消费者权益保护,2024,5.0,1
600036,招商银行,消费者权益保护,2025,4.0,1
600036,招商银行,绿色信贷/绿色金融,2021,5.0,1
600036,招商银行,绿色信贷/绿色金融,2022,5.0,1
600036,招商银行,绿色信贷/绿色金融,2023,5.0,1
600036,招商银行,绿色信贷/绿色金融,2024,5.0,1
600036,招商银行,绿色信贷/绿色金融,2025,4.0,1
600908,无锡银行,公司治理/风险管理,2021,2.0,3
600908,无锡银行,公司治理/风险管理,2022,2.0,3
600908,无锡银行,公司治理/风险管理,2023,3.0,3
600908,无锡银行,公司治理/风险管理,2024,3.0,3
600908,无锡银行,公司治理/风险管理,2025,3.0,3
600908,无锡银行,员工权益,2021,2.0,1
600908,无锡银行,员工权益,2022,2.0,1
600908,无锡银行,员工权益,2023,3.0,1
600908,无锡银行,员工权益,2024,3.0,1
600908,无锡银行,员工权益,2025,3.0,1
600908,无锡银行,普惠金融,2021,2.0,1
600908,无锡银行,普惠金融,2022,2.0,1
600908,无锡银行,普惠金融,2023,3.0,1
600908,无锡银行,普惠金融,2024,3.0,1
600908,无锡银行,普惠金融,2025,3.0,1
600908,无锡银行,消费者权益保护,2021,2.0,1
600908,无锡银行,消费者权益保护,2022,2.0,1
600908,无锡银行,消费者权益保护,2023,3.0,1
600908,无锡银行,消费者权益保护,2024,3.0,1
600908,无锡银行,消费者权益保护,2025,3.0,1
600908,无锡银行,绿色信贷/绿色金融,2021,2.0,1
600908,无锡银行,绿色信贷/绿色金融,2022,2.0,1
600908,无锡银行,绿色信贷/绿色金融,2023,3.0,1
600908,无锡银行,绿色信贷/绿色金融,2024,3.0,1
600908,无锡银行,绿色信贷/绿色金融,2025,3.0,1
600919,江苏银行,公司治理/风险管理,2021,5.0,3
600919,江苏银行,公司治理/风险管理,2022,4.0,3
600919,江苏银行,公司治理/风险管理,2023,4.0,3
600919,江苏银行,公司治理/风险管理,2024,4.0,3
600919,江苏银行,公司治理/风险管理,2025,4.0,3
600919,江苏银行,员工权益,2021,5.0,1
600919,江苏银行,员工权益,2022,4.0,1
600919,江苏银行,员工权益,2023,4.0,1
600919,江苏银行,员工权益,2024,4.0,1
600919,江苏银行,员工权益,2025,4.0,1
600919,江苏银行,普惠金融,2021,5.0,1
600919,江苏银行,普惠金融,2022,4.0,1
600919,江苏银行,普惠金融,2023,4.0,1
600919,江苏银行,普惠金融,2024,4.0,1
600919,江苏银行,普惠金融,2025,4.0,1
600919,江苏银行,消费者权益保护,2021,5.0,1
600919,江苏银行,消费者权益保护,2022,4.0,1
600919,江苏银行,消费者权益保护,2023,4.0,1
600919,江苏银行,消费者权益保护,2024,4.0,1
600919,江苏银行,消费者权益保护,2025,4.0,1
600919,江苏银行,绿色信贷/绿色金融,2021,5.0,1
600919,江苏银行,绿色信贷/绿色金融,2022,4.0,1
600919,江苏银行,绿色信贷/绿色金融,2023,4.0,1
600919,江苏银行,绿色信贷/绿色金融,2024,4.0,1
600919,江苏银行,绿色信贷/绿色金融,2025,4.0,1
600926,杭州银行,公司治理/风险管理,2021,1.0,3
600926,杭州银行,公司治理/风险管理,2022,3.0,3
600926,杭州银行,公司治理/风险管理,2023,2.0,3
600926,杭州银行,公司治理/风险管理,2024,3.0,3
600926,杭州银行,公司治理/风险管理,2025,3.0,3
600926,杭州银行,员工权益,2021,1.0,1
600926,杭州银行,员工权益,2022,3.0,1
600926,杭州银行,员工权益,2023,2.0,1
600926,杭州银行,员工权益,2024,3.0,1
600926,杭州银行,员工权益,2025,3.0,1
600926,杭州银行,普惠金融,2021,1.0,1
600926,杭州银行,普惠金融,2022,3.0,1
600926,杭州银行,普惠金融,2023,2.0,1
600926,杭州银行,普惠金融,2024,3.0,1
600926,杭州银行,普惠金融,2025,3.0,1
600926,杭州银行,消费者权益保护,2021,1.0,1
600926,杭州银行,消费者权益保护,2022,3.0,1
600926,杭州银行,消费者权益保护,2023,2.0,1
600926,杭州银行,消费者权益保护,2024,3.0,1
600926,杭州银行,消费者权益保护,2025,3.0,1
600926,杭州银行,绿色信贷/绿色金融,2021,1.0,1
600926,杭州银行,绿色信贷/绿色金融,2022,3.0,1
600926,杭州银行,绿色信贷/绿色金融,2023,2.0,1
600926,杭州银行,绿色信贷/绿色金融,2024,3.0,1
600926,杭州银行,绿色信贷/绿色金融,2025,3.0,1
600928,西安银行,公司治理/风险管理,2021,3.0,3
600928,西安银行,公司治理/风险管理,2022,4.0,3
600928,西安银行,公司治理/风险管理,2023,3.0,3
600928,西安银行,公司治理/风险管理,2024,4.0,3
600928,西安银行,公司治理/风险管理,2025,3.0,3
600928,西安银行,员工权益,2021,3.0,1
600928,西安银行,员工权益,2022,4.0,1
600928,西安银行,员工权益,2023,3.0,1
600928,西安银行,员工权益,2024,4.0,1
600928,西安银行,员工权益,2025,3.0,1
600928,西安银行,普惠金融,2021,3.0,1
600928,西安银行,普惠金融,2022,4.0,1
600928,西安银行,普惠金融,2023,3.0,1
600928,西安银行,普惠金融,2024,4.0,1
600928,西安银行,普惠金融,2025,3.0,1
600928,西安银行,消费者权益保护,2021,3.0,1
600928,西安银行,消费者权益保护,2022,4.0,1
600928,西安银行,消费者权益保护,2023,3.0,1
600928,西安银行,消费者权益保护,2024,4.0,1
600928,西安银行,消费者权益保护,2025,3.0,1
600928,西安银行,绿色信贷/绿色金融,2021,3.0,1
600928,西安银行,绿色信贷/绿色金融,2022,4.0,1
600928,西安银行,绿色信贷/绿色金融,2023,3.0,1
600928,西安银行,绿色信贷/绿色金融,2024,4.0,1
600928,西安银行,绿色信贷/绿色金融,2025,3.0,1
601009,南京银行,公司治理/风险管理,2021,3.0,3
601009,南京银行,公司治理/风险管理,2022,4.0,3
601009,南京银行,公司治理/风险管理,2023,3.0,3
601009,南京银行,公司治理/风险管理,2024,4.0,3
601009,南京银行,公司治理/风险管理,2025,5.0,3
601009,南京银行,员工权益,2021,3.0,1
601009,南京银行,员工权益,2022,4.0,1
601009,南京银行,员工权益,2023,3.0,1
601009,南京银行,员工权益,2024,4.0,1
601009,南京银行,员工权益,2025,5.0,1
601009,南京银行,普惠金融,2021,3.0,1
601009,南京银行,普惠金融,2022,4.0,1
601009,南京银行,普惠金融,2023,3.0,1
601009,南京银行,普惠金融,2024,4.0,1
601009,南京银行,普惠金融,2025,5.0,1
601009,南京银行,消费者权益保护,2021,3.0,1
601009,南京银行,消费者权益保护,2022,4.0,1
601009,南京银行,消费者权益保护,2023,3.0,1
601009,南京银行,消费者权益保护,2024,4.0,1
601009,南京银行,消费者权益保护,2025,5.0,1
601009,南京银行,绿色信贷/绿色金融,2021,3.0,1
601009,南京银行,绿色信贷/绿色金融,2022,4.0,1
601009,南京银行,绿色信贷/绿色金融,2023,3.0,1
601009,南京银行,绿色信贷/绿色金融,2024,4.0,1
601009,南京银行,绿色信贷/绿色金融,2025,5.0,1
601077,重庆农村商业银行,公司治理/风险管理,2021,4.0,3
601077,重庆农村商业银行,公司治理/风险管理,2022,3.0,3
601077,重庆农村商业银行,公司治理/风险管理,2023,4.0,3
601077,重庆农村商业银行,公司治理/风险管理,2024,3.0,3
601077,重庆农村商业银行,公司治理/风险管理,2025,5.0,3
601077,重庆农村商业银行,员工权益,2021,4.0,1
601077,重庆农村商业银行,员工权益,2022,3.0,1
601077,重庆农村商业银行,员工权益,2023,4.0,1
601077,重庆农村商业银行,员工权益,2024,3.0,1
601077,重庆农村商业银行,员工权益,2025,5.0,1
601077,重庆农村商业银行,普惠金融,2021,4.0,1
601077,重庆农村商业银行,普惠金融,2022,3.0,1
601077,重庆农村商业银行,普惠金融,2023,4.0,1
601077,重庆农村商业银行,普惠金融,2024,3.0,1
601077,重庆农村商业银行,普惠金融,2025,5.0,1
601077,重庆农村商业银行,消费者权益保护,2021,4.0,1
601077,重庆农村商业银行,消费者权益保护,2022,3.0,1
601077,重庆农村商业银行,消费者权益保护,2023,4.0,1
601077,重庆农村商业银行,消费者权益保护,2024,3.0,1
601077,重庆农村商业银行,消费者权益保护,2025,5.0,1
601077,重庆农村商业银行,绿色信贷/绿色金融,2021,4.0,1
601077,重庆农村商业银行,绿色信贷/绿色金融,2022,3.0,1
601077,重庆农村商业银行,绿色信贷/绿色金融,2023,4.0,1
601077,重庆农村商业银行,绿色信贷/绿色金融,2024,3.0,1
601077,重庆农村商业银行,绿色信贷/绿色金融,2025,5.0,1
601128,常熟银行,公司治理/风险管理,2022,4.0,3
601128,常熟银行,公司治理/风险管理,2025,3.0,3
601128,常熟银行,员工权益,2022,4.0,1
601128,常熟银行,员工权益,2025,3.0,1
601128,常熟银行,普惠金融,2022,4.0,1
601128,常熟银行,普惠金融,2025,3.0,1
601128,常熟银行,消费者权益保护,2022,4.0,1
601128,常熟银行,消费者权益保护,2025,3.0,1
601128,常熟银行,绿色信贷/绿色金融,2021,1.0,2
601128,常熟银行,绿色信贷/绿色金融,2022,4.0,1
601128,常熟银行,绿色信贷/绿色金融,2023,1.0,2
601128,常熟银行,绿色信贷/绿色金融,2024,0.0,2
601128,常熟银行,绿色信贷/绿色金融,2025,3.0,1
601166,兴业银行,公司治理/风险管理,2021,4.0,3
601166,兴业银行,公司治理/风险管理,2022,5.0,3
601166,兴业银行,公司治理/风险管理,2023,5.0,3
601166,兴业银行,公司治理/风险管理,2024,5.0,3
601166,兴业银行,公司治理/风险管理,2025,5.0,3
601166,兴业银行,员工权益,2021,4.0,1
601166,兴业银行,员工权益,2022,5.0,1
601166,兴业银行,员工权益,2023,5.0,1
601166,兴业银行,员工权益,2024,5.0,1
601166,兴业银行,员工权益,2025,5.0,1
601166,兴业银行,普惠金融,2021,4.0,1
601166,兴业银行,普惠金融,2022,5.0,1
601166,兴业银行,普惠金融,2023,5.0,1
601166,兴业银行,普惠金融,2024,5.0,1
601166,兴业银行,普惠金融,2025,5.0,1
601166,兴业银行,消费者权益保护,2021,4.0,1
601166,兴业银行,消费者权益保护,2022,5.0,1
601166,兴业银行,消费者权益保护,2023,5.0,1
601166,兴业银行,消费者权益保护,2024,5.0,1
601166,兴业银行,消费者权益保护,2025,5.0,1
601166,兴业银行,绿色信贷/绿色金融,2021,4.0,1
601166,兴业银行,绿色信贷/绿色金融,2022,5.0,1
601166,兴业银行,绿色信贷/绿色金融,2023,5.0,1
601166,兴业银行,绿色信贷/绿色金融,2024,5.0,1
601166,兴业银行,绿色信贷/绿色金融,2025,5.0,1
601169,北京银行,公司治理/风险管理,2021,1.6,5
601169,北京银行,公司治理/风险管理,2022,3.0,3
601169,北京银行,公司治理/风险管理,2023,4.0,3
601169,北京银行,公司治理/风险管理,2024,3.0,3
601169,北京银行,公司治理/风险管理,2025,4.0,3
601169,北京银行,员工权益,2021,2.0,1
601169,北京银行,员工权益,2022,3.0,1
601169,北京银行,员工权益,2023,4.0,1
601169,北京银行,员工权益,2024,3.0,1
601169,北京银行,员工权益,2025,4.0,1
601169,北京银行,普惠金融,2021,2.0,1
601169,北京银行,普惠金融,2022,3.0,1
601169,北京银行,普惠金融,2023,4.0,1
601169,北京银行,普惠金融,2024,3.0,1
601169,北京银行,普惠金融,2025,4.0,1
601169,北京银行,消费者权益保护,2021,2.0,1
601169,北京银行,消费者权益保护,2022,3.0,1
601169,北京银行,消费者权益保护,2023,4.0,1
601169,北京银行,消费者权益保护,2024,3.0,1
601169,北京银行,消费者权益保护,2025,4.0,1
601169,北京银行,绿色信贷/绿色金融,2021,1.5,2
601169,北京银行,绿色信贷/绿色金融,2022,3.0,1
601169,北京银行,绿色信贷/绿色金融,2023,4.0,1
601169,北京银行,绿色信贷/绿色金融,2024,3.0,1
601169,北京银行,绿色信贷/绿色金融,2025,4.0,1
601187,厦门银行,公司治理/风险管理,2021,3.0,3
601187,厦门银行,公司治理/风险管理,2022,3.0,3
601187,厦门银行,公司治理/风险管理,2023,4.0,3
601187,厦门银行,公司治理/风险管理,2024,4.0,3
601187,厦门银行,公司治理/风险管理,2025,4.0,3
601187,厦门银行,员工权益,2021,3.0,1
601187,厦门银行,员工权益,2022,3.0,1
601187,厦门银行,员工权益,2023,4.0,1
601187,厦门银行,员工权益,2024,4.0,1
601187,厦门银行,员工权益,2025,4.0,1
601187,厦门银行,普惠金融,2021,3.0,1
601187,厦门银行,普惠金融,2022,3.0,1
601187,厦门银行,普惠金融,2023,4.0,1
601187,厦门银行,普惠金融,2024,4.0,1
601187,厦门银行,普惠金融,2025,4.0,1
601187,厦门银行,消费者权益保护,2021,3.0,1
601187,厦门银行,消费者权益保护,2022,3.0,1
601187,厦门银行,消费者权益保护,2023,4.0,1
601187,厦门银行,消费者权益保护,2024,4.0,1
601187,厦门银行,消费者权益保护,2025,4.0,1
601187,厦门银行,绿色信贷/绿色金融,2021,3.0,1
601187,厦门银行,绿色信贷/绿色金融,2022,3.0,1
601187,厦门银行,绿色信贷/绿色金融,2023,4.0,1
601187,厦门银行,绿色信贷/绿色金融,2024,4.0,1
601187,厦门银行,绿色信贷/绿色金融,2025,4.0,1
601229,上海银行,公司治理/风险管理,2021,3.0,3
601229,上海银行,公司治理/风险管理,2022,4.0,3
601229,上海银行,公司治理/风险管理,2023,4.0,3
601229,上海银行,公司治理/风险管理,2024,4.0,3
601229,上海银行,公司治理/风险管理,2025,4.0,3
601229,上海银行,员工权益,2021,3.0,1
601229,上海银行,员工权益,2022,4.0,1
601229,上海银行,员工权益,2023,4.0,1
601229,上海银行,员工权益,2024,4.0,1
601229,上海银行,员工权益,2025,4.0,1
601229,上海银行,普惠金融,2021,3.0,1
601229,上海银行,普惠金融,2022,4.0,1
601229,上海银行,普惠金融,2023,4.0,1
601229,上海银行,普惠金融,2024,4.0,1
601229,上海银行,普惠金融,2025,4.0,1
601229,上海银行,消费者权益保护,2021,3.0,1
601229,上海银行,消费者权益保护,2022,4.0,1
601229,上海银行,消费者权益保护,2023,4.0,1
601229,上海银行,消费者权益保护,2024,4.0,1
601229,上海银行,消费者权益保护,2025,4.0,1
601229,上海银行,绿色信贷/绿色金融,2021,3.0,1
601229,上海银行,绿色信贷/绿色金融,2022,4.0,1
601229,上海银行,绿色信贷/绿色金融,2023,4.0,1
601229,上海银行,绿色信贷/绿色金融,2024,4.0,1
601229,上海银行,绿色信贷/绿色金融,2025,4.0,1
601288,农业银行,公司治理/风险管理,2021,3.0,3
601288,农业银行,公司治理/风险管理,2022,4.0,3
601288,农业银行,公司治理/风险管理,2023,3.0,3
601288,农业银行,公司治理/风险管理,2024,4.0,3
601288,农业银行,公司治理/风险管理,2025,4.0,3
601288,农业银行,员工权益,2021,3.0,1
601288,农业银行,员工权益,2022,4.0,1
601288,农业银行,员工权益,2023,3.0,1
601288,农业银行,员工权益,2024,4.0,1
601288,农业银行,员工权益,2025,4.0,1
601288,农业银行,普惠金融,2021,3.0,1
601288,农业银行,普惠金融,2022,4.0,1
601288,农业银行,普惠金融,2023,3.0,1
601288,农业银行,普惠金融,2024,4.0,1
601288,农业银行,普惠金融,2025,4.0,1
601288,农业银行,消费者权益保护,2021,3.0,1
601288,农业银行,消费者权益保护,2022,4.0,1
601288,农业银行,消费者权益保护,2023,3.0,1
601288,农业银行,消费者权益保护,2024,4.0,1
601288,农业银行,消费者权益保护,2025,4.0,1
601288,农业银行,绿色信贷/绿色金融,2021,3.0,1
601288,农业银行,绿色信贷/绿色金融,2022,4.0,1
601288,农业银行,绿色信贷/绿色金融,2023,3.0,1
601288,农业银行,绿色信贷/绿色金融,2024,4.0,1
601288,农业银行,绿色信贷/绿色金融,2025,4.0,1
601328,交通银行,公司治理/风险管理,2021,4.0,3
601328,交通银行,公司治理/风险管理,2022,4.0,3
601328,交通银行,公司治理/风险管理,2023,4.0,3
601328,交通银行,公司治理/风险管理,2024,4.0,3
601328,交通银行,公司治理/风险管理,2025,3.0,3
601328,交通银行,员工权益,2021,4.0,1
601328,交通银行,员工权益,2022,4.0,1
601328,交通银行,员工权益,2023,4.0,1
601328,交通银行,员工权益,2024,4.0,1
601328,交通银行,员工权益,2025,3.0,1
601328,交通银行,普惠金融,2021,4.0,1
601328,交通银行,普惠金融,2022,4.0,1
601328,交通银行,普惠金融,2023,4.0,1
601328,交通银行,普惠金融,2024,4.0,1
601328,交通银行,普惠金融,2025,3.0,1
601328,交通银行,消费者权益保护,2021,4.0,1
601328,交通银行,消费者权益保护,2022,4.0,1
601328,交通银行,消费者权益保护,2023,4.0,1
601328,交通银行,消费者权益保护,2024,4.0,1
601328,交通银行,消费者权益保护,2025,3.0,1
601328,交通银行,绿色信贷/绿色金融,2021,4.0,1
601328,交通银行,绿色信贷/绿色金融,2022,4.0,1
601328,交通银行,绿色信贷/绿色金融,2023,4.0,1
601328,交通银行,绿色信贷/绿色金融,2024,4.0,1
601328,交通银行,绿色信贷/绿色金融,2025,3.0,1
601398,工商银行,公司治理/风险管理,2021,4.0,3
601398,工商银行,公司治理/风险管理,2022,3.0,3
601398,工商银行,公司治理/风险管理,2023,4.0,3
601398,工商银行,公司治理/风险管理,2024,3.0,3
601398,工商银行,公司治理/风险管理,2025,4.0,3
601398,工商银行,员工权益,2021,4.0,1
601398,工商银行,员工权益,2022,3.0,1
601398,工商银行,员工权益,2023,4.0,1
601398,工商银行,员工权益,2024,3.0,1
601398,工商银行,员工权益,2025,4.0,1
601398,工商银行,普惠金融,2021,4.0,1
601398,工商银行,普惠金融,2022,3.0,1
601398,工商银行,普惠金融,2023,4.0,1
601398,工商银行,普惠金融,2024,3.0,1
601398,工商银行,普惠金融,2025,4.0,1
601398,工商银行,消费者权益保护,2021,4.0,1
601398,工商银行,消费者权益保护,2022,3.0,1
601398,工商银行,消费者权益保护,2023,4.0,1
601398,工商银行,消费者权益保护,2024,3.0,1
601398,工商银行,消费者权益保护,2025,4.0,1
601398,工商银行,绿色信贷/绿色金融,2021,4.0,1
601398,工商银行,绿色信贷/绿色金融,2022,3.0,1
601398,工商银行,绿色信贷/绿色金融,2023,4.0,1
601398,工商银行,绿色信贷/绿色金融,2024,3.0,1
601398,工商银行,绿色信贷/绿色金融,2025,4.0,1
601528,瑞丰银行,公司治理/风险管理,2021,3.0,3
601528,瑞丰银行,公司治理/风险管理,2022,3.0,3
601528,瑞丰银行,公司治理/风险管理,2023,3.0,3
601528,瑞丰银行,公司治理/风险管理,2024,4.0,3
601528,瑞丰银行,公司治理/风险管理,2025,4.0,3
601528,瑞丰银行,员工权益,2021,3.0,1
601528,瑞丰银行,员工权益,2022,3.0,1
601528,瑞丰银行,员工权益,2023,3.0,1
601528,瑞丰银行,员工权益,2024,4.0,1
601528,瑞丰银行,员工权益,2025,4.0,1
601528,瑞丰银行,普惠金融,2021,3.0,1
601528,瑞丰银行,普惠金融,2022,3.0,1
601528,瑞丰银行,普惠金融,2023,3.0,1
601528,瑞丰银行,普惠金融,2024,4.0,1
601528,瑞丰银行,普惠金融,2025,4.0,1
601528,瑞丰银行,消费者权益保护,2021,3.0,1
601528,瑞丰银行,消费者权益保护,2022,3.0,1
601528,瑞丰银行,消费者权益保护,2023,3.0,1
601528,瑞丰银行,消费者权益保护,2024,4.0,1
601528,瑞丰银行,消费者权益保护,2025,4.0,1
601528,瑞丰银行,绿色信贷/绿色金融,2021,3.0,1
601528,瑞丰银行,绿色信贷/绿色金融,2022,3.0,1
601528,瑞丰银行,绿色信贷/绿色金融,2023,3.0,1
601528,瑞丰银行,绿色信贷/绿色金融,2024,4.0,1
601528,瑞丰银行,绿色信贷/绿色金融,2025,4.0,1
601577,长沙银行,公司治理/风险管理,2021,3.0,3
601577,长沙银行,公司治理/风险管理,2022,4.0,3
601577,长沙银行,公司治理/风险管理,2023,3.0,3
601577,长沙银行,公司治理/风险管理,2024,3.0,3
601577,长沙银行,公司治理/风险管理,2025,3.0,3
601577,长沙银行,员工权益,2021,3.0,1
601577,长沙银行,员工权益,2022,4.0,1
601577,长沙银行,员工权益,2023,3.0,1
601577,长沙银行,员工权益,2024,3.0,1
601577,长沙银行,员工权益,2025,3.0,1
601577,长沙银行,普惠金融,2021,3.0,1
601577,长沙银行,普惠金融,2022,4.0,1
601577,长沙银行,普惠金融,2023,3.0,1
601577,长沙银行,普惠金融,2024,3.0,1
601577,长沙银行,普惠金融,2025,3.0,1
601577,长沙银行,消费者权益保护,2021,3.0,1
601577,长沙银行,消费者权益保护,2022,4.0,1
601577,长沙银行,消费者权益保护,2023,3.0,1
601577,长沙银行,消费者权益保护,2024,3.0,1
601577,长沙银行,消费者权益保护,2025,3.0,1
601577,长沙银行,绿色信贷/绿色金融,2021,3.0,1
601577,长沙银行,绿色信贷/绿色金融,2022,4.0,1
601577,长沙银行,绿色信贷/绿色金融,2023,3.0,1
601577,长沙银行,绿色信贷/绿色金融,2024,3.0,1
601577,长沙银行,绿色信贷/绿色金融,2025,3.0,1
601658,邮储银行,公司治理/风险管理,2021,5.0,3
601658,邮储银行,公司治理/风险管理,2022,4.0,3
601658,邮储银行,公司治理/风险管理,2023,4.0,3
601658,邮储银行,公司治理/风险管理,2024,4.0,3
601658,邮储银行,公司治理/风险管理,2025,3.0,3
601658,邮储银行,员工权益,2021,5.0,1
601658,邮储银行,员工权益,2022,4.0,1
601658,邮储银行,员工权益,2023,4.0,1
601658,邮储银行,员工权益,2024,4.0,1
601658,邮储银行,员工权益,2025,3.0,1
601658,邮储银行,普惠金融,2021,5.0,1
601658,邮储银行,普惠金融,2022,4.0,1
601658,邮储银行,普惠金融,2023,4.0,1
601658,邮储银行,普惠金融,2024,4.0,1
601658,邮储银行,普惠金融,2025,3.0,1
601658,邮储银行,消费者权益保护,2021,5.0,1
601658,邮储银行,消费者权益保护,2022,4.0,1
601658,邮储银行,消费者权益保护,2023,4.0,1
601658,邮储银行,消费者权益保护,2024,4.0,1
601658,邮储银行,消费者权益保护,2025,3.0,1
601658,邮储银行,绿色信贷/绿色金融,2021,5.0,1
601658,邮储银行,绿色信贷/绿色金融,2022,4.0,1
601658,邮储银行,绿色信贷/绿色金融,2023,4.0,1
601658,邮储银行,绿色信贷/绿色金融,2024,4.0,1
601658,邮储银行,绿色信贷/绿色金融,2025,3.0,1
601665,齐鲁银行,公司治理/风险管理,2021,4.0,3
601665,齐鲁银行,公司治理/风险管理,2022,3.0,3
601665,齐鲁银行,公司治理/风险管理,2023,3.0,3
601665,齐鲁银行,公司治理/风险管理,2024,5.0,3
601665,齐鲁银行,公司治理/风险管理,2025,4.0,3
601665,齐鲁银行,员工权益,2021,4.0,1
601665,齐鲁银行,员工权益,2022,3.0,1
601665,齐鲁银行,员工权益,2023,3.0,1
601665,齐鲁银行,员工权益,2024,5.0,1
601665,齐鲁银行,员工权益,2025,4.0,1
601665,齐鲁银行,普惠金融,2021,4.0,1
601665,齐鲁银行,普惠金融,2022,3.0,1
601665,齐鲁银行,普惠金融,2023,3.0,1
601665,齐鲁银行,普惠金融,2024,5.0,1
601665,齐鲁银行,普惠金融,2025,4.0,1
601665,齐鲁银行,消费者权益保护,2021,4.0,1
601665,齐鲁银行,消费者权益保护,2022,3.0,1
601665,齐鲁银行,消费者权益保护,2023,3.0,1
601665,齐鲁银行,消费者权益保护,2024,5.0,1
601665,齐鲁银行,消费者权益保护,2025,4.0,1
601665,齐鲁银行,绿色信贷/绿色金融,2021,4.0,1
601665,齐鲁银行,绿色信贷/绿色金融,2022,3.0,1
601665,齐鲁银行,绿色信贷/绿色金融,2023,3.0,1
601665,齐鲁银行,绿色信贷/绿色金融,2024,5.0,1
601665,齐鲁银行,绿色信贷/绿色金融,2025,4.0,1
601818,光大银行,公司治理/风险管理,2021,3.0,3
601818,光大银行,公司治理/风险管理,2022,3.0,3
601818,光大银行,公司治理/风险管理,2023,4.0,3
601818,光大银行,公司治理/风险管理,2024,2.0,3
601818,光大银行,公司治理/风险管理,2025,0.0,3
601818,光大银行,员工权益,2021,3.0,1
601818,光大银行,员工权益,2022,3.0,1
601818,光大银行,员工权益,2023,4.0,1
601818,光大银行,员工权益,2024,2.0,1
601818,光大银行,员工权益,2025,0.0,1
601818,光大银行,普惠金融,2021,3.0,1
601818,光大银行,普惠金融,2022,3.0,1
601818,光大银行,普惠金融,2023,4.0,1
601818,光大银行,普惠金融,2024,2.0,1
601818,光大银行,普惠金融,2025,0.0,1
601818,光大银行,消费者权益保护,2021,3.0,1
601818,光大银行,消费者权益保护,2022,3.0,1
601818,光大银行,消费者权益保护,2023,4.0,1
601818,光大银行,消费者权益保护,2024,2.0,1
601818,光大银行,消费者权益保护,2025,0.0,1
601818,光大银行,绿色信贷/绿色金融,2021,3.0,1
601818,光大银行,绿色信贷/绿色金融,2022,3.0,1
601818,光大银行,绿色信贷/绿色金融,2023,4.0,1
601818,光大银行,绿色信贷/绿色金融,2024,2.0,1
601818,光大银行,绿色信贷/绿色金融,2025,0.0,1
601825,农业银行,公司治理/风险管理,2021,3.0,3
601825,农业银行,公司治理/风险管理,2022,3.0,3
601825,农业银行,公司治理/风险管理,2023,3.0,3
601825,农业银行,公司治理/风险管理,2024,3.0,3
601825,农业银行,公司治理/风险管理,2025,4.0,3
601825,农业银行,员工权益,2021,3.0,1
601825,农业银行,员工权益,2022,3.0,1
601825,农业银行,员工权益,2023,3.0,1
601825,农业银行,员工权益,2024,3.0,1
601825,农业银行,员工权益,2025,4.0,1
601825,农业银行,普惠金融,2021,3.0,1
601825,农业银行,普惠金融,2022,3.0,1
601825,农业银行,普惠金融,2023,3.0,1
601825,农业银行,普惠金融,2024,3.0,1
601825,农业银行,普惠金融,2025,4.0,1
601825,农业银行,消费者权益保护,2021,3.0,1
601825,农业银行,消费者权益保护,2022,3.0,1
601825,农业银行,消费者权益保护,2023,3.0,1
601825,农业银行,消费者权益保护,2024,3.0,1
601825,农业银行,消费者权益保护,2025,4.0,1
601825,农业银行,绿色信贷/绿色金融,2021,3.0,1
601825,农业银行,绿色信贷/绿色金融,2022,3.0,1
601825,农业银行,绿色信贷/绿色金融,2023,3.0,1
601825,农业银行,绿色信贷/绿色金融,2024,3.0,1
601825,农业银行,绿色信贷/绿色金融,2025,4.0,1
601838,成都银行,公司治理/风险管理,2021,3.0,3
601838,成都银行,公司治理/风险管理,2022,3.0,3
601838,成都银行,公司治理/风险管理,2023,3.0,3
601838,成都银行,公司治理/风险管理,2024,2.0,3
601838,成都银行,公司治理/风险管理,2025,3.0,3
601838,成都银行,员工权益,2021,3.0,1
601838,成都银行,员工权益,2022,3.0,1
601838,成都银行,员工权益,2023,3.0,1
601838,成都银行,员工权益,2024,2.0,1
601838,成都银行,员工权益,2025,3.0,1
601838,成都银行,普惠金融,2021,3.0,1
601838,成都银行,普惠金融,2022,3.0,1
601838,成都银行,普惠金融,2023,3.0,1
601838,成都银行,普惠金融,2024,2.0,1
601838,成都银行,普惠金融,2025,3.0,1
601838,成都银行,消费者权益保护,2021,3.0,1
601838,成都银行,消费者权益保护,2022,3.0,1
601838,成都银行,消费者权益保护,2023,3.0,1
601838,成都银行,消费者权益保护,2024,2.0,1
601838,成都银行,消费者权益保护,2025,3.0,1
601838,成都银行,绿色信贷/绿色金融,2021,3.0,1
601838,成都银行,绿色信贷/绿色金融,2022,3.0,1
601838,成都银行,绿色信贷/绿色金融,2023,3.0,1
601838,成都银行,绿色信贷/绿色金融,2024,2.0,1
601838,成都银行,绿色信贷/绿色金融,2025,3.0,1
601860,长沙银行,公司治理/风险管理,2021,4.0,3
601860,长沙银行,公司治理/风险管理,2022,4.0,3
601860,长沙银行,公司治理/风险管理,2023,5.0,3
601860,长沙银行,公司治理/风险管理,2024,5.0,3
601860,长沙银行,公司治理/风险管理,2025,4.0,3
601860,长沙银行,员工权益,2021,4.0,1
601860,长沙银行,员工权益,2022,4.0,1
601860,长沙银行,员工权益,2023,5.0,1
601860,长沙银行,员工权益,2024,5.0,1
601860,长沙银行,员工权益,2025,4.0,1
601860,长沙银行,普惠金融,2021,4.0,1
601860,长沙银行,普惠金融,2022,4.0,1
601860,长沙银行,普惠金融,2023,5.0,1
601860,长沙银行,普惠金融,2024,5.0,1
601860,长沙银行,普惠金融,2025,4.0,1
601860,长沙银行,消费者权益保护,2021,4.0,1
601860,长沙银行,消费者权益保护,2022,4.0,1
601860,长沙银行,消费者权益保护,2023,5.0,1
601860,长沙银行,消费者权益保护,2024,5.0,1
601860,长沙银行,消费者权益保护,2025,4.0,1
601860,长沙银行,绿色信贷/绿色金融,2021,4.0,1
601860,长沙银行,绿色信贷/绿色金融,2022,4.0,1
601860,长沙银行,绿色信贷/绿色金融,2023,5.0,1
601860,长沙银行,绿色信贷/绿色金融,2024,5.0,1
601860,长沙银行,绿色信贷/绿色金融,2025,4.0,1
601916,浙商银行,公司治理/风险管理,2021,3.0,3
601916,浙商银行,公司治理/风险管理,2022,4.0,3
601916,浙商银行,公司治理/风险管理,2023,3.0,3
601916,浙商银行,公司治理/风险管理,2024,4.0,3
601916,浙商银行,公司治理/风险管理,2025,3.0,3
601916,浙商银行,员工权益,2021,3.0,1
601916,浙商银行,员工权益,2022,4.0,1
601916,浙商银行,员工权益,2023,3.0,1
601916,浙商银行,员工权益,2024,4.0,1
601916,浙商银行,员工权益,2025,3.0,1
601916,浙商银行,普惠金融,2021,3.0,1
601916,浙商银行,普惠金融,2022,4.0,1
601916,浙商银行,普惠金融,2023,3.0,1
601916,浙商银行,普惠金融,2024,4.0,1
601916,浙商银行,普惠金融,2025,3.0,1
601916,浙商银行,消费者权益保护,2021,3.0,1
601916,浙商银行,消费者权益保护,2022,4.0,1
601916,浙商银行,消费者权益保护,2023,3.0,1
601916,浙商银行,消费者权益保护,2024,4.0,1
601916,浙商银行,消费者权益保护,2025,3.0,1
601916,浙商银行,绿色信贷/绿色金融,2021,3.0,1
601916,浙商银行,绿色信贷/绿色金融,2022,4.0,1
601916,浙商银行,绿色信贷/绿色金融,2023,3.0,1
601916,浙商银行,绿色信贷/绿色金融,2024,4.0,1
601916,浙商银行,绿色信贷/绿色金融,2025,3.0,1
601939,建设银行,公司治理/风险管理,2021,2.0,3
601939,建设银行,公司治理/风险管理,2022,3.0,3
601939,建设银行,公司治理/风险管理,2023,5.0,3
601939,建设银行,公司治理/风险管理,2024,3.0,3
601939,建设银行,公司治理/风险管理,2025,5.0,3
601939,建设银行,员工权益,2021,2.0,1
601939,建设银行,员工权益,2022,3.0,1
601939,建设银行,员工权益,2023,5.0,1
601939,建设银行,员工权益,2024,3.0,1
601939,建设银行,员工权益,2025,5.0,1
601939,建设银行,普惠金融,2021,2.0,1
601939,建设银行,普惠金融,2022,3.0,1
601939,建设银行,普惠金融,2023,5.0,1
601939,建设银行,普惠金融,2024,3.0,1
601939,建设银行,普惠金融,2025,5.0,1
601939,建设银行,消费者权益保护,2021,2.0,1
601939,建设银行,消费者权益保护,2022,3.0,1
601939,建设银行,消费者权益保护,2023,5.0,1
601939,建设银行,消费者权益保护,2024,3.0,1
601939,建设银行,消费者权益保护,2025,5.0,1
601939,建设银行,绿色信贷/绿色金融,2021,2.0,1
601939,建设银行,绿色信贷/绿色金融,2022,3.0,1
601939,建设银行,绿色信贷/绿色金融,2023,5.0,1
601939,建设银行,绿色信贷/绿色金融,2024,3.0,1
601939,建设银行,绿色信贷/绿色金融,2025,5.0,1
601963,重庆银行,公司治理/风险管理,2021,5.0,3
601963,重庆银行,公司治理/风险管理,2022,3.0,3
601963,重庆银行,公司治理/风险管理,2023,3.0,2
601963,重庆银行,公司治理/风险管理,2024,5.0,3
601963,重庆银行,公司治理/风险管理,2025,4.0,2
601963,重庆银行,员工权益,2021,5.0,1
601963,重庆银行,员工权益,2022,3.0,1
601963,重庆银行,员工权益,2023,3.0,1
601963,重庆银行,员工权益,2024,5.0,1
601963,重庆银行,普惠金融,2021,5.0,1
601963,重庆银行,普惠金融,2022,3.0,1
601963,重庆银行,普惠金融,2024,5.0,1
601963,重庆银行,普惠金融,2025,4.0,1
601963,重庆银行,消费者权益保护,2021,5.0,1
601963,重庆银行,消费者权益保护,2022,3.0,1
601963,重庆银行,消费者权益保护,2023,3.0,1
601963,重庆银行,消费者权益保护,2024,5.0,1
601963,重庆银行,消费者权益保护,2025,4.0,1
601963,重庆银行,绿色信贷/绿色金融,2021,5.0,1
601963,重庆银行,绿色信贷/绿色金融,2022,3.0,1
601963,重庆银行,绿色信贷/绿色金融,2023,3.0,1
601963,重庆银行,绿色信贷/绿色金融,2024,5.0,1
601963,重庆银行,绿色信贷/绿色金融,2025,4.0,1
601988,中国银行,公司治理/风险管理,2021,3.0,3
601988,中国银行,公司治理/风险管理,2022,4.0,3
601988,中国银行,公司治理/风险管理,2023,4.0,3
601988,中国银行,公司治理/风险管理,2024,4.0,3
601988,中国银行,公司治理/风险管理,2025,5.0,3
601988,中国银行,员工权益,2021,3.0,1
601988,中国银行,员工权益,2022,4.0,1
601988,中国银行,员工权益,2023,4.0,1
601988,中国银行,员工权益,2024,4.0,1
601988,中国银行,员工权益,2025,5.0,1
601988,中国银行,普惠金融,2021,3.0,1
601988,中国银行,普惠金融,2022,4.0,1
601988,中国银行,普惠金融,2023,4.0,1
601988,中国银行,普惠金融,2024,4.0,1
601988,中国银行,普惠金融,2025,5.0,1
601988,中国银行,消费者权益保护,2021,3.0,1
601988,中国银行,消费者权益保护,2022,4.0,1
601988,中国银行,消费者权益保护,2023,4.0,1
601988,中国银行,消费者权益保护,2024,4.0,1
601988,中国银行,消费者权益保护,2025,5.0,1
601988,中国银行,绿色信贷/绿色金融,2021,3.0,1
601988,中国银行,绿色信贷/绿色金融,2022,4.0,1
601988,中国银行,绿色信贷/绿色金融,2023,4.0,1
601988,中国银行,绿色信贷/绿色金融,2024,4.0,1
601988,中国银行,绿色信贷/绿色金融,2025,5.0,1
601997,贵阳银行,公司治理/风险管理,2021,3.0,3
601997,贵阳银行,公司治理/风险管理,2022,2.0,3
601997,贵阳银行,公司治理/风险管理,2023,3.0,3
601997,贵阳银行,公司治理/风险管理,2024,1.0,3
601997,贵阳银行,公司治理/风险管理,2025,3.0,3
601997,贵阳银行,员工权益,2021,3.0,1
601997,贵阳银行,员工权益,2022,2.0,1
601997,贵阳银行,员工权益,2023,3.0,1
601997,贵阳银行,员工权益,2024,1.0,1
601997,贵阳银行,员工权益,2025,3.0,1
601997,贵阳银行,普惠金融,2021,3.0,1
601997,贵阳银行,普惠金融,2022,2.0,1
601997,贵阳银行,普惠金融,2023,3.0,1
601997,贵阳银行,普惠金融,2024,1.0,1
601997,贵阳银行,普惠金融,2025,3.0,1
601997,贵阳银行,消费者权益保护,2021,3.0,1
601997,贵阳银行,消费者权益保护,2022,2.0,1
601997,贵阳银行,消费者权益保护,2023,3.0,1
601997,贵阳银行,消费者权益保护,2024,1.0,1
601997,贵阳银行,消费者权益保护,2025,3.0,1
601997,贵阳银行,绿色信贷/绿色金融,2021,3.0,1
601997,贵阳银行,绿色信贷/绿色金融,2022,2.0,1
601997,贵阳银行,绿色信贷/绿色金融,2023,3.0,1
601997,贵阳银行,绿色信贷/绿色金融,2024,1.0,1
601997,贵阳银行,绿色信贷/绿色金融,2025,3.0,1
601998,中信银行,公司治理/风险管理,2021,5.0,3
601998,中信银行,公司治理/风险管理,2022,5.0,3
601998,中信银行,公司治理/风险管理,2023,5.0,3
601998,中信银行,公司治理/风险管理,2024,3.0,3
601998,中信银行,公司治理/风险管理,2025,3.0,3
601998,中信银行,员工权益,2021,5.0,1
601998,中信银行,员工权益,2022,5.0,1
601998,中信银行,员工权益,2023,5.0,1
601998,中信银行,员工权益,2024,3.0,1
601998,中信银行,员工权益,2025,3.0,1
601998,中信银行,普惠金融,2021,5.0,1
601998,中信银行,普惠金融,2022,5.0,1
601998,中信银行,普惠金融,2023,5.0,1
601998,中信银行,普惠金融,2024,3.0,1
601998,中信银行,普惠金融,2025,3.0,1
601998,中信银行,消费者权益保护,2021,5.0,1
601998,中信银行,消费者权益保护,2022,5.0,1
601998,中信银行,消费者权益保护,2023,5.0,1
601998,中信银行,消费者权益保护,2024,3.0,1
601998,中信银行,消费者权益保护,2025,3.0,1
601998,中信银行,绿色信贷/绿色金融,2021,5.0,1
601998,中信银行,绿色信贷/绿色金融,2022,5.0,1
601998,中信银行,绿色信贷/绿色金融,2023,5.0,1
601998,中信银行,绿色信贷/绿色金融,2024,3.0,1
601998,中信银行,绿色信贷/绿色金融,2025,3.0,1
603323,苏农银行,公司治理/风险管理,2021,5.0,3
603323,苏农银行,公司治理/风险管理,2022,3.0,3
603323,苏农银行,公司治理/风险管理,2023,5.0,3
603323,苏农银行,公司治理/风险管理,2024,3.0,3
603323,苏农银行,公司治理/风险管理,2025,3.0,3
603323,苏农银行,员工权益,2021,5.0,1
603323,苏农银行,员工权益,2022,3.0,1
603323,苏农银行,员工权益,2023,5.0,1
603323,苏农银行,员工权益,2024,3.0,1
603323,苏农银行,员工权益,2025,3.0,1
603323,苏农银行,普惠金融,2021,5.0,1
603323,苏农银行,普惠金融,2022,3.0,1
603323,苏农银行,普惠金融,2023,5.0,1
603323,苏农银行,普惠金融,2024,3.0,1
603323,苏农银行,普惠金融,2025,3.0,1
603323,苏农银行,消费者权益保护,2021,5.0,1
603323,苏农银行,消费者权益保护,2022,3.0,1
603323,苏农银行,消费者权益保护,2023,5.0,1
603323,苏农银行,消费者权益保护,2024,3.0,1
603323,苏农银行,消费者权益保护,2025,3.0,1
603323,苏农银行,绿色信贷/绿色金融,2021,5.0,1
603323,苏农银行,绿色信贷/绿色金融,2022,3.0,1
603323,苏农银行,绿色信贷/绿色金融,2023,5.0,1
603323,苏农银行,绿色信贷/绿色金融,2024,3.0,1
603323,苏农银行,绿色信贷/绿色金融,2025,3.0,1
